alkhedhairy abdulaziz a,aziz sancar
alkhedhairy abdulaziz a,bohr vilhelm a
alkhedhairy abdulaziz a,cobb jennifer a
alkhedhairy abdulaziz a,croteau deborah l
alkhedhairy abdulaziz a,gao chunmei
alkhedhairy abdulaziz a,guengerich f peter
alkhedhairy abdulaziz a,hayashi tomonori
alkhedhairy abdulaziz a,jiang yuyang
alkhedhairy abdulaziz a,jinchuan hu
alkhedhairy abdulaziz a,liu hongxia
alkhedhairy abdulaziz a,musarrat javed
alkhedhairy abdulaziz a,nakachi kei
alkhedhairy abdulaziz a,saquib quaiser
alkhedhairy abdulaziz a,siddiqui maqsood a
alkhedhairy abdulaziz a,su yan
aziz sancar,alkhedhairy abdulaziz a
aziz sancar,bohr vilhelm a
aziz sancar,cobb jennifer a
aziz sancar,croteau deborah l
aziz sancar,gao chunmei
aziz sancar,guengerich f peter
aziz sancar,hayashi tomonori
aziz sancar,jiang yuyang
aziz sancar,jinchuan hu
aziz sancar,liu hongxia
aziz sancar,musarrat javed
aziz sancar,nakachi kei
aziz sancar,saquib quaiser
aziz sancar,siddiqui maqsood a
aziz sancar,su yan
bohr vilhelm a,alkhedhairy abdulaziz a
bohr vilhelm a,aziz sancar
bohr vilhelm a,cobb jennifer a
bohr vilhelm a,croteau deborah l
bohr vilhelm a,gao chunmei
bohr vilhelm a,guengerich f peter
bohr vilhelm a,hayashi tomonori
bohr vilhelm a,jiang yuyang
bohr vilhelm a,jinchuan hu
bohr vilhelm a,liu hongxia
bohr vilhelm a,musarrat javed
bohr vilhelm a,nakachi kei
bohr vilhelm a,saquib quaiser
bohr vilhelm a,siddiqui maqsood a
bohr vilhelm a,su yan
cobb jennifer a,alkhedhairy abdulaziz a
cobb jennifer a,aziz sancar
cobb jennifer a,bohr vilhelm a
cobb jennifer a,croteau deborah l
cobb jennifer a,gao chunmei
cobb jennifer a,guengerich f peter
cobb jennifer a,hayashi tomonori
cobb jennifer a,jiang yuyang
cobb jennifer a,jinchuan hu
cobb jennifer a,liu hongxia
cobb jennifer a,musarrat javed
cobb jennifer a,nakachi kei
cobb jennifer a,saquib quaiser
cobb jennifer a,siddiqui maqsood a
cobb jennifer a,su yan
croteau deborah l,alkhedhairy abdulaziz a
croteau deborah l,aziz sancar
croteau deborah l,bohr vilhelm a
croteau deborah l,cobb jennifer a
croteau deborah l,gao chunmei
croteau deborah l,guengerich f peter
croteau deborah l,hayashi tomonori
croteau deborah l,jiang yuyang
croteau deborah l,jinchuan hu
croteau deborah l,liu hongxia
croteau deborah l,musarrat javed
croteau deborah l,nakachi kei
croteau deborah l,saquib quaiser
croteau deborah l,siddiqui maqsood a
croteau deborah l,su yan
gao chunmei,alkhedhairy abdulaziz a
gao chunmei,aziz sancar
gao chunmei,bohr vilhelm a
gao chunmei,cobb jennifer a
gao chunmei,croteau deborah l
gao chunmei,guengerich f peter
gao chunmei,hayashi tomonori
gao chunmei,jiang yuyang
gao chunmei,jinchuan hu
gao chunmei,liu hongxia
gao chunmei,musarrat javed
gao chunmei,nakachi kei
gao chunmei,saquib quaiser
gao chunmei,siddiqui maqsood a
gao chunmei,su yan
guengerich f peter,alkhedhairy abdulaziz a
guengerich f peter,aziz sancar
guengerich f peter,bohr vilhelm a
guengerich f peter,cobb jennifer a
guengerich f peter,croteau deborah l
guengerich f peter,gao chunmei
guengerich f peter,hayashi tomonori
guengerich f peter,jiang yuyang
guengerich f peter,jinchuan hu
guengerich f peter,liu hongxia
guengerich f peter,musarrat javed
guengerich f peter,nakachi kei
guengerich f peter,saquib quaiser
guengerich f peter,siddiqui maqsood a
guengerich f peter,su yan
hayashi tomonori,alkhedhairy abdulaziz a
hayashi tomonori,aziz sancar
hayashi tomonori,bohr vilhelm a
hayashi tomonori,cobb jennifer a
hayashi tomonori,croteau deborah l
hayashi tomonori,gao chunmei
hayashi tomonori,guengerich f peter
hayashi tomonori,jiang yuyang
hayashi tomonori,jinchuan hu
hayashi tomonori,liu hongxia
hayashi tomonori,musarrat javed
hayashi tomonori,nakachi kei
hayashi tomonori,saquib quaiser
hayashi tomonori,siddiqui maqsood a
hayashi tomonori,su yan
jiang yuyang,alkhedhairy abdulaziz a
jiang yuyang,aziz sancar
jiang yuyang,bohr vilhelm a
jiang yuyang,cobb jennifer a
jiang yuyang,croteau deborah l
jiang yuyang,gao chunmei
jiang yuyang,guengerich f peter
jiang yuyang,hayashi tomonori
jiang yuyang,jinchuan hu
jiang yuyang,liu hongxia
jiang yuyang,musarrat javed
jiang yuyang,nakachi kei
jiang yuyang,saquib quaiser
jiang yuyang,siddiqui maqsood a
jiang yuyang,su yan
jinchuan hu,alkhedhairy abdulaziz a
jinchuan hu,aziz sancar
jinchuan hu,bohr vilhelm a
jinchuan hu,cobb jennifer a
jinchuan hu,croteau deborah l
jinchuan hu,gao chunmei
jinchuan hu,guengerich f peter
jinchuan hu,hayashi tomonori
jinchuan hu,jiang yuyang
jinchuan hu,liu hongxia
jinchuan hu,musarrat javed
jinchuan hu,nakachi kei
jinchuan hu,saquib quaiser
jinchuan hu,siddiqui maqsood a
jinchuan hu,su yan
liu hongxia,alkhedhairy abdulaziz a
liu hongxia,aziz sancar
liu hongxia,bohr vilhelm a
liu hongxia,cobb jennifer a
liu hongxia,croteau deborah l
liu hongxia,gao chunmei
liu hongxia,guengerich f peter
liu hongxia,hayashi tomonori
liu hongxia,jiang yuyang
liu hongxia,jinchuan hu
liu hongxia,musarrat javed
liu hongxia,nakachi kei
liu hongxia,saquib quaiser
liu hongxia,siddiqui maqsood a
liu hongxia,su yan
musarrat javed,alkhedhairy abdulaziz a
musarrat javed,aziz sancar
musarrat javed,bohr vilhelm a
musarrat javed,cobb jennifer a
musarrat javed,croteau deborah l
musarrat javed,gao chunmei
musarrat javed,guengerich f peter
musarrat javed,hayashi tomonori
musarrat javed,jiang yuyang
musarrat javed,jinchuan hu
musarrat javed,liu hongxia
musarrat javed,nakachi kei
musarrat javed,saquib quaiser
musarrat javed,siddiqui maqsood a
musarrat javed,su yan
nakachi kei,alkhedhairy abdulaziz a
nakachi kei,aziz sancar
nakachi kei,bohr vilhelm a
nakachi kei,cobb jennifer a
nakachi kei,croteau deborah l
nakachi kei,gao chunmei
nakachi kei,guengerich f peter
nakachi kei,hayashi tomonori
nakachi kei,jiang yuyang
nakachi kei,jinchuan hu
nakachi kei,liu hongxia
nakachi kei,musarrat javed
nakachi kei,saquib quaiser
nakachi kei,siddiqui maqsood a
nakachi kei,su yan
saquib quaiser,alkhedhairy abdulaziz a
saquib quaiser,aziz sancar
saquib quaiser,bohr vilhelm a
saquib quaiser,cobb jennifer a
saquib quaiser,croteau deborah l
